iteration,total_env_steps,mode,timestamp,success_once,return,episode_len,reward,success_at_end
1,0,eval,2026-06-30 07:12:09,0.0,9.9635,60.0,0.1661,0.0
1,15360,train,2026-06-30 07:12:29,0.0,0.0959,60.0,0.0016,0.0
2,30720,train,2026-06-30 07:13:15,0.0,0.1856,60.0,0.0031,0.0
3,46080,train,2026-06-30 07:14:01,0.0,0.2656,60.0,0.0044,0.0
4,61440,train,2026-06-30 07:14:47,0.0,0.3877,60.0,0.0065,0.0
5,76800,train,2026-06-30 07:15:34,0.0,0.6166,60.0,0.0103,0.0
6,92160,train,2026-06-30 07:16:20,0.0,1.1709,60.0,0.0195,0.0
7,107520,train,2026-06-30 07:17:07,0.0,1.6337,60.0,0.0272,0.0
8,122880,train,2026-06-30 07:17:53,0.0,2.3525,60.0,0.0392,0.0
9,138240,train,2026-06-30 07:18:40,0.0039,2.5466,60.0,0.0424,0.0
10,153600,train,2026-06-30 07:19:27,0.0078,2.8586,60.0,0.0476,0.0
11,168960,train,2026-06-30 07:20:13,0.0,3.0395,60.0,0.0507,0.0
12,184320,train,2026-06-30 07:21:00,0.0039,3.1908,60.0,0.0532,0.0
13,199680,train,2026-06-30 07:21:47,0.0078,3.1015,60.0,0.0517,0.0
14,215040,train,2026-06-30 07:22:34,0.0,3.0273,60.0,0.0505,0.0
15,230400,train,2026-06-30 07:23:20,0.0,3.0755,60.0,0.0513,0.0
16,245760,train,2026-06-30 07:24:07,0.0,3.2099,60.0,0.0535,0.0
17,261120,train,2026-06-30 07:24:54,0.0,3.3212,60.0,0.0554,0.0
18,276480,train,2026-06-30 07:25:40,0.0039,3.4794,60.0,0.058,0.0
19,291840,train,2026-06-30 07:26:27,0.0039,3.4941,60.0,0.0582,0.0
20,307200,train,2026-06-30 07:27:14,0.0039,3.8008,60.0,0.0633,0.0
21,322560,train,2026-06-30 07:28:00,0.0039,3.6789,60.0,0.0613,0.0
22,337920,train,2026-06-30 07:28:47,0.0156,3.7545,60.0,0.0626,0.0
23,353280,train,2026-06-30 07:29:34,0.0,3.8506,60.0,0.0642,0.0
24,368640,train,2026-06-30 07:30:21,0.0039,3.9617,60.0,0.066,0.0
25,368640,eval,2026-06-30 07:32:15,0.2708,14.4952,60.0,0.2416,0.1979
25,384000,train,2026-06-30 07:32:35,0.0,3.7664,60.0,0.0628,0.0
26,399360,train,2026-06-30 07:33:22,0.0039,3.7578,60.0,0.0626,0.0
27,414720,train,2026-06-30 07:34:08,0.0,3.8913,60.0,0.0649,0.0
28,430080,train,2026-06-30 07:34:55,0.0078,3.9473,60.0,0.0658,0.0
29,445440,train,2026-06-30 07:35:41,0.0,3.9532,60.0,0.0659,0.0
30,460800,train,2026-06-30 07:36:28,0.0039,3.7145,60.0,0.0619,0.0
31,476160,train,2026-06-30 07:37:15,0.0039,4.0426,60.0,0.0674,0.0
32,491520,train,2026-06-30 07:38:01,0.0078,3.9109,60.0,0.0652,0.0
33,506880,train,2026-06-30 07:38:48,0.0039,4.0317,60.0,0.0672,0.0
34,522240,train,2026-06-30 07:39:35,0.0039,3.918,60.0,0.0653,0.0
35,537600,train,2026-06-30 07:40:21,0.0039,3.8881,60.0,0.0648,0.0
36,552960,train,2026-06-30 07:41:08,0.0039,4.0817,60.0,0.068,0.0
37,568320,train,2026-06-30 07:41:55,0.0,4.1545,60.0,0.0692,0.0
38,583680,train,2026-06-30 07:42:42,0.0039,4.1423,60.0,0.069,0.0
39,599040,train,2026-06-30 07:43:28,0.0039,4.4067,60.0,0.0734,0.0
40,614400,train,2026-06-30 07:44:15,0.0,3.8417,60.0,0.064,0.0
41,629760,train,2026-06-30 07:45:02,0.0078,4.1997,60.0,0.07,0.0
42,645120,train,2026-06-30 07:45:48,0.0078,4.1356,60.0,0.0689,0.0
43,660480,train,2026-06-30 07:46:35,0.0,3.9313,60.0,0.0655,0.0
44,675840,train,2026-06-30 07:47:22,0.0117,4.3261,60.0,0.0721,0.0
45,691200,train,2026-06-30 07:48:08,0.0,4.2238,60.0,0.0704,0.0
46,706560,train,2026-06-30 07:48:55,0.0039,4.1192,60.0,0.0687,0.0
47,721920,train,2026-06-30 07:49:42,0.0078,4.0938,60.0,0.0682,0.0
48,737280,train,2026-06-30 07:50:29,0.0156,4.0534,60.0,0.0676,0.0039
49,737280,eval,2026-06-30 07:52:22,0.2708,14.6447,60.0,0.2441,0.2604
49,752640,train,2026-06-30 07:52:43,0.0078,4.0737,60.0,0.0679,0.0
50,768000,train,2026-06-30 07:53:29,0.0117,4.2683,60.0,0.0711,0.0
51,783360,train,2026-06-30 07:54:16,0.0156,4.1346,60.0,0.0689,0.0
52,798720,train,2026-06-30 07:55:02,0.0039,4.0844,60.0,0.0681,0.0
53,814080,train,2026-06-30 07:55:49,0.0,4.3024,60.0,0.0717,0.0
54,829440,train,2026-06-30 07:56:36,0.0117,4.2897,60.0,0.0715,0.0
55,844800,train,2026-06-30 07:57:22,0.0039,4.2378,60.0,0.0706,0.0
56,860160,train,2026-06-30 07:58:09,0.0,4.1682,60.0,0.0695,0.0
57,875520,train,2026-06-30 07:58:56,0.0039,4.2139,60.0,0.0702,0.0
58,890880,train,2026-06-30 07:59:42,0.0039,4.1302,60.0,0.0688,0.0
59,906240,train,2026-06-30 08:00:29,0.0078,4.4739,60.0,0.0746,0.0
60,921600,train,2026-06-30 08:01:16,0.0,4.2395,60.0,0.0707,0.0
61,936960,train,2026-06-30 08:02:03,0.0039,4.283,60.0,0.0714,0.0
62,952320,train,2026-06-30 08:02:49,0.0039,4.0673,60.0,0.0678,0.0
63,967680,train,2026-06-30 08:03:36,0.0078,4.2446,60.0,0.0707,0.0
64,983040,train,2026-06-30 08:04:23,0.0,4.088,60.0,0.0681,0.0
65,998400,train,2026-06-30 08:05:10,0.0039,4.298,60.0,0.0716,0.0
66,1013760,train,2026-06-30 08:05:56,0.0039,4.1433,60.0,0.0691,0.0
67,1029120,train,2026-06-30 08:06:43,0.0039,4.3208,60.0,0.072,0.0
68,1044480,train,2026-06-30 08:07:30,0.0156,4.2957,60.0,0.0716,0.0
69,1059840,train,2026-06-30 08:08:17,0.0039,4.2784,60.0,0.0713,0.0
70,1075200,train,2026-06-30 08:09:04,0.0039,4.2938,60.0,0.0716,0.0
71,1090560,train,2026-06-30 08:09:50,0.0078,4.2122,60.0,0.0702,0.0
72,1105920,train,2026-06-30 08:10:37,0.0078,4.1793,60.0,0.0697,0.0
73,1105920,eval,2026-06-30 08:12:32,0.3021,11.2412,60.0,0.1874,0.0
73,1121280,train,2026-06-30 08:12:53,0.0,4.0226,60.0,0.067,0.0
74,1136640,train,2026-06-30 08:13:39,0.0078,4.0559,60.0,0.0676,0.0
75,1152000,train,2026-06-30 08:14:26,0.0039,4.2679,60.0,0.0711,0.0
76,1167360,train,2026-06-30 08:15:12,0.0,4.2879,60.0,0.0715,0.0
77,1182720,train,2026-06-30 08:15:59,0.0039,3.9965,60.0,0.0666,0.0
78,1198080,train,2026-06-30 08:16:46,0.0078,4.1344,60.0,0.0689,0.0
79,1213440,train,2026-06-30 08:17:32,0.0,3.9714,60.0,0.0662,0.0
80,1228800,train,2026-06-30 08:18:19,0.0039,4.2063,60.0,0.0701,0.0
81,1244160,train,2026-06-30 08:19:06,0.0039,4.1891,60.0,0.0698,0.0
82,1259520,train,2026-06-30 08:19:53,0.0039,4.1834,60.0,0.0697,0.0
83,1274880,train,2026-06-30 08:20:39,0.0,4.2376,60.0,0.0706,0.0
84,1290240,train,2026-06-30 08:21:26,0.0039,4.064,60.0,0.0677,0.0
85,1305600,train,2026-06-30 08:22:13,0.0,4.0694,60.0,0.0678,0.0
86,1320960,train,2026-06-30 08:22:59,0.0,4.2647,60.0,0.0711,0.0
87,1336320,train,2026-06-30 08:23:46,0.0039,4.1935,60.0,0.0699,0.0
88,1351680,train,2026-06-30 08:24:33,0.0039,4.0396,60.0,0.0673,0.0
89,1367040,train,2026-06-30 08:25:19,0.0234,4.2092,60.0,0.0702,0.0
90,1382400,train,2026-06-30 08:26:06,0.0,3.8127,60.0,0.0635,0.0
91,1397760,train,2026-06-30 08:26:53,0.0117,4.0023,60.0,0.0667,0.0
92,1413120,train,2026-06-30 08:27:40,0.0156,4.1292,60.0,0.0688,0.0
93,1428480,train,2026-06-30 08:28:26,0.0117,4.1267,60.0,0.0688,0.0
94,1443840,train,2026-06-30 08:29:13,0.0039,4.1935,60.0,0.0699,0.0
95,1459200,train,2026-06-30 08:30:00,0.0039,4.0501,60.0,0.0675,0.0
96,1474560,train,2026-06-30 08:30:46,0.0,4.2377,60.0,0.0706,0.0
97,1474560,eval,2026-06-30 08:32:39,0.3229,11.1052,60.0,0.1851,0.0
97,1489920,train,2026-06-30 08:33:00,0.0039,4.1693,60.0,0.0695,0.0
98,1505280,train,2026-06-30 08:33:46,0.0078,4.0162,60.0,0.0669,0.0
99,1520640,train,2026-06-30 08:34:33,0.0039,4.1234,60.0,0.0687,0.0
100,1536000,train,2026-06-30 08:35:19,0.0078,4.0416,60.0,0.0674,0.0
101,1551360,train,2026-06-30 08:36:06,0.0039,3.975,60.0,0.0663,0.0
102,1566720,train,2026-06-30 08:36:53,0.0,3.9761,60.0,0.0663,0.0
103,1582080,train,2026-06-30 08:37:39,0.0,3.8016,60.0,0.0634,0.0
104,1597440,train,2026-06-30 08:38:26,0.0078,3.7717,60.0,0.0629,0.0
105,1612800,train,2026-06-30 08:39:13,0.0039,3.9434,60.0,0.0657,0.0
106,1628160,train,2026-06-30 08:39:59,0.0039,4.0891,60.0,0.0682,0.0
107,1643520,train,2026-06-30 08:40:46,0.0,3.8812,60.0,0.0647,0.0
108,1658880,train,2026-06-30 08:41:33,0.0,3.8343,60.0,0.0639,0.0
109,1674240,train,2026-06-30 08:42:19,0.0078,3.9992,60.0,0.0667,0.0
110,1689600,train,2026-06-30 08:43:06,0.0039,4.1158,60.0,0.0686,0.0
111,1704960,train,2026-06-30 08:43:53,0.0117,4.3078,60.0,0.0718,0.0
112,1720320,train,2026-06-30 08:44:39,0.0039,4.1557,60.0,0.0693,0.0
113,1735680,train,2026-06-30 08:45:26,0.0039,4.1331,60.0,0.0689,0.0
114,1751040,train,2026-06-30 08:46:13,0.0117,4.1605,60.0,0.0693,0.0
115,1766400,train,2026-06-30 08:47:00,0.0039,3.8331,60.0,0.0639,0.0
116,1781760,train,2026-06-30 08:47:46,0.0039,4.0881,60.0,0.0681,0.0
117,1797120,train,2026-06-30 08:48:33,0.0039,3.9044,60.0,0.0651,0.0
118,1812480,train,2026-06-30 08:49:20,0.0078,3.8288,60.0,0.0638,0.0
119,1827840,train,2026-06-30 08:50:06,0.0117,3.7061,60.0,0.0618,0.0
120,1843200,train,2026-06-30 08:50:53,0.0039,3.8117,60.0,0.0635,0.0
121,1843200,eval,2026-06-30 08:52:47,0.3021,11.7104,60.0,0.1952,0.0
121,1858560,train,2026-06-30 08:53:08,0.0117,3.7407,60.0,0.0623,0.0
122,1873920,train,2026-06-30 08:53:54,0.0,3.7524,60.0,0.0625,0.0
123,1889280,train,2026-06-30 08:54:41,0.0039,3.7095,60.0,0.0618,0.0
124,1904640,train,2026-06-30 08:55:27,0.0117,3.6275,60.0,0.0605,0.0
125,1920000,train,2026-06-30 08:56:14,0.0,3.8539,60.0,0.0642,0.0
126,1935360,train,2026-06-30 08:57:01,0.0039,3.6596,60.0,0.061,0.0
127,1950720,train,2026-06-30 08:57:26,0.0039,3.6693,60.0,0.0612,0.0
128,1966080,train,2026-06-30 08:58:12,0.0039,3.6259,60.0,0.0604,0.0
129,1981440,train,2026-06-30 08:58:59,0.0039,3.6843,60.0,0.0614,0.0
130,1996800,train,2026-06-30 08:59:46,0.0039,3.691,60.0,0.0615,0.0
131,2012160,train,2026-06-30 09:00:32,0.0,3.7599,60.0,0.0627,0.0
132,2027520,train,2026-06-30 09:01:19,0.0195,3.5359,60.0,0.0589,0.0
133,2042880,train,2026-06-30 09:02:06,0.0078,3.5147,60.0,0.0586,0.0
134,2058240,train,2026-06-30 09:02:34,0.0117,3.6997,60.0,0.0617,0.0
135,2073600,train,2026-06-30 09:03:21,0.0117,3.7917,60.0,0.0632,0.0
136,2088960,train,2026-06-30 09:04:07,0.0117,3.5923,60.0,0.0599,0.0
137,2104320,train,2026-06-30 09:04:54,0.0117,3.7834,60.0,0.0631,0.0
138,2119680,train,2026-06-30 09:05:22,0.0156,3.6361,60.0,0.0606,0.0
139,2135040,train,2026-06-30 09:06:09,0.0078,3.7565,60.0,0.0626,0.0
140,2150400,train,2026-06-30 09:06:55,0.0078,4.0658,60.0,0.0678,0.0
141,2165760,train,2026-06-30 09:07:42,0.0156,3.8524,60.0,0.0642,0.0
142,2181120,train,2026-06-30 09:08:29,0.0078,3.7624,60.0,0.0627,0.0
143,2196480,train,2026-06-30 09:09:16,0.0117,3.8061,60.0,0.0634,0.0
144,2211840,train,2026-06-30 09:10:02,0.0117,3.8454,60.0,0.0641,0.0
145,2211840,eval,2026-06-30 09:11:57,0.3542,12.6161,60.0,0.2103,0.0
145,2227200,train,2026-06-30 09:12:18,0.0117,3.7206,60.0,0.062,0.0
146,2242560,train,2026-06-30 09:13:04,0.0039,3.812,60.0,0.0635,0.0
147,2257920,train,2026-06-30 09:13:51,0.0078,3.8276,60.0,0.0638,0.0
148,2273280,train,2026-06-30 09:14:37,0.0,3.7237,60.0,0.0621,0.0
149,2288640,train,2026-06-30 09:15:24,0.0039,3.7397,60.0,0.0623,0.0
150,2304000,train,2026-06-30 09:16:11,0.0117,3.8043,60.0,0.0634,0.0
151,2319360,train,2026-06-30 09:16:57,0.0117,3.6928,60.0,0.0615,0.0
152,2334720,train,2026-06-30 09:17:44,0.0156,3.9684,60.0,0.0661,0.0
153,2350080,train,2026-06-30 09:18:31,0.0039,3.5512,60.0,0.0592,0.0
154,2365440,train,2026-06-30 09:19:18,0.0039,3.5437,60.0,0.0591,0.0
155,2380800,train,2026-06-30 09:19:59,0.0078,3.5372,60.0,0.059,0.0
156,2396160,train,2026-06-30 09:20:46,0.0078,3.8574,60.0,0.0643,0.0
157,2411520,train,2026-06-30 09:21:32,0.0234,3.9162,60.0,0.0653,0.0
158,2426880,train,2026-06-30 09:22:19,0.0,3.8293,60.0,0.0638,0.0
159,2442240,train,2026-06-30 09:23:06,0.0,3.6057,60.0,0.0601,0.0
160,2457600,train,2026-06-30 09:23:52,0.0078,3.8719,60.0,0.0645,0.0
161,2472960,train,2026-06-30 09:24:39,0.0117,3.71,60.0,0.0618,0.0
162,2488320,train,2026-06-30 09:25:26,0.0039,3.6937,60.0,0.0616,0.0
163,2503680,train,2026-06-30 09:26:13,0.0039,3.6392,60.0,0.0607,0.0
164,2519040,train,2026-06-30 09:26:59,0.0039,3.7306,60.0,0.0622,0.0
165,2534400,train,2026-06-30 09:27:46,0.0078,3.7606,60.0,0.0627,0.0
166,2549760,train,2026-06-30 09:28:33,0.0078,3.6336,60.0,0.0606,0.0
167,2565120,train,2026-06-30 09:29:19,0.0078,3.6435,60.0,0.0607,0.0
168,2580480,train,2026-06-30 09:30:06,0.0078,3.7476,60.0,0.0625,0.0
169,2580480,eval,2026-06-30 09:32:00,0.3385,9.4796,60.0,0.158,0.0
169,2595840,train,2026-06-30 09:32:20,0.0,3.5672,60.0,0.0595,0.0
170,2611200,train,2026-06-30 09:33:07,0.0117,3.7533,60.0,0.0626,0.0
171,2626560,train,2026-06-30 09:33:53,0.0117,3.8526,60.0,0.0642,0.0
172,2641920,train,2026-06-30 09:34:40,0.0039,3.602,60.0,0.06,0.0
173,2657280,train,2026-06-30 09:35:26,0.0078,3.8422,60.0,0.064,0.0
174,2672640,train,2026-06-30 09:36:13,0.0195,3.7639,60.0,0.0627,0.0
175,2688000,train,2026-06-30 09:37:00,0.0039,3.7,60.0,0.0617,0.0
176,2703360,train,2026-06-30 09:37:46,0.0078,3.6443,60.0,0.0607,0.0
177,2718720,train,2026-06-30 09:38:33,0.0039,3.6679,60.0,0.0611,0.0
178,2734080,train,2026-06-30 09:39:19,0.0195,3.8252,60.0,0.0638,0.0
179,2749440,train,2026-06-30 09:40:06,0.0,3.5943,60.0,0.0599,0.0
180,2764800,train,2026-06-30 09:40:53,0.0078,3.5921,60.0,0.0599,0.0
181,2780160,train,2026-06-30 09:41:39,0.0156,3.8267,60.0,0.0638,0.0
182,2795520,train,2026-06-30 09:42:26,0.0039,3.6338,60.0,0.0606,0.0
183,2810880,train,2026-06-30 09:43:13,0.0156,3.8561,60.0,0.0643,0.0
184,2826240,train,2026-06-30 09:43:59,0.0078,3.6749,60.0,0.0612,0.0
185,2841600,train,2026-06-30 09:44:46,0.0195,3.9338,60.0,0.0656,0.0
186,2856960,train,2026-06-30 09:45:33,0.0117,3.9829,60.0,0.0664,0.0
187,2872320,train,2026-06-30 09:46:19,0.0078,3.8889,60.0,0.0648,0.0
188,2887680,train,2026-06-30 09:47:06,0.0078,3.8199,60.0,0.0637,0.0
189,2903040,train,2026-06-30 09:47:53,0.0156,3.858,60.0,0.0643,0.0
190,2918400,train,2026-06-30 09:48:40,0.0078,4.0485,60.0,0.0675,0.0
191,2933760,train,2026-06-30 09:49:26,0.0117,3.9693,60.0,0.0662,0.0
192,2949120,train,2026-06-30 09:50:03,0.0195,3.6758,60.0,0.0613,0.0
193,2949120,eval,2026-06-30 09:51:58,0.3438,9.0809,60.0,0.1513,0.0
193,2964480,train,2026-06-30 09:52:18,0.0234,3.7255,60.0,0.0621,0.0
194,2979840,train,2026-06-30 09:52:55,0.0117,3.8698,60.0,0.0645,0.0
195,2995200,train,2026-06-30 09:53:41,0.0078,3.8687,60.0,0.0645,0.0
196,3010560,train,2026-06-30 09:54:28,0.0039,3.7362,60.0,0.0623,0.0
197,3025920,train,2026-06-30 09:55:14,0.0039,3.9118,60.0,0.0652,0.0
198,3041280,train,2026-06-30 09:56:01,0.0039,3.7809,60.0,0.063,0.0
199,3056640,train,2026-06-30 09:56:48,0.0078,3.8769,60.0,0.0646,0.0
200,3072000,train,2026-06-30 09:57:34,0.0078,3.6485,60.0,0.0608,0.0
201,3087360,train,2026-06-30 09:58:13,0.0039,3.7178,60.0,0.062,0.0
202,3102720,train,2026-06-30 09:59:00,0.0234,3.7373,60.0,0.0623,0.0
203,3118080,train,2026-06-30 09:59:46,0.0117,3.6315,60.0,0.0605,0.0
204,3133440,train,2026-06-30 10:00:33,0.0117,3.749,60.0,0.0625,0.0
205,3148800,train,2026-06-30 10:01:20,0.0117,3.6951,60.0,0.0616,0.0
206,3164160,train,2026-06-30 10:02:06,0.0078,3.6292,60.0,0.0605,0.0
207,3179520,train,2026-06-30 10:02:53,0.0156,3.6897,60.0,0.0615,0.0
208,3194880,train,2026-06-30 10:03:40,0.0195,3.6585,60.0,0.061,0.0
209,3210240,train,2026-06-30 10:04:26,0.0,3.7515,60.0,0.0625,0.0
210,3225600,train,2026-06-30 10:05:13,0.0078,3.6663,60.0,0.0611,0.0
211,3240960,train,2026-06-30 10:06:00,0.0039,3.9204,60.0,0.0653,0.0
212,3256320,train,2026-06-30 10:06:46,0.0039,3.8828,60.0,0.0647,0.0
213,3271680,train,2026-06-30 10:07:33,0.0156,3.9642,60.0,0.0661,0.0
214,3287040,train,2026-06-30 10:08:20,0.0117,3.7949,60.0,0.0632,0.0
215,3302400,train,2026-06-30 10:09:06,0.0117,3.7466,60.0,0.0624,0.0
216,3317760,train,2026-06-30 10:09:53,0.0,3.8137,60.0,0.0636,0.0
217,3317760,eval,2026-06-30 10:11:47,0.3073,7.6394,60.0,0.1273,0.0
217,3333120,train,2026-06-30 10:12:07,0.0117,3.845,60.0,0.0641,0.0
218,3348480,train,2026-06-30 10:12:54,0.0117,3.956,60.0,0.0659,0.0
219,3363840,train,2026-06-30 10:13:40,0.0039,3.9464,60.0,0.0658,0.0
220,3379200,train,2026-06-30 10:14:27,0.0117,3.7356,60.0,0.0623,0.0
221,3394560,train,2026-06-30 10:15:13,0.0,3.6492,60.0,0.0608,0.0
222,3409920,train,2026-06-30 10:16:00,0.0078,3.8827,60.0,0.0647,0.0
223,3425280,train,2026-06-30 10:16:47,0.0117,4.1015,60.0,0.0684,0.0
224,3440640,train,2026-06-30 10:17:33,0.0156,3.8754,60.0,0.0646,0.0
225,3456000,train,2026-06-30 10:18:20,0.0039,3.9674,60.0,0.0661,0.0
226,3471360,train,2026-06-30 10:19:07,0.0078,4.0585,60.0,0.0676,0.0
227,3486720,train,2026-06-30 10:19:54,0.0,3.9393,60.0,0.0657,0.0
228,3502080,train,2026-06-30 10:20:40,0.0078,3.9882,60.0,0.0665,0.0
229,3517440,train,2026-06-30 10:21:27,0.0039,3.8828,60.0,0.0647,0.0
230,3532800,train,2026-06-30 10:22:14,0.0195,3.9629,60.0,0.066,0.0
231,3548160,train,2026-06-30 10:23:00,0.0195,3.9615,60.0,0.066,0.0
232,3563520,train,2026-06-30 10:23:47,0.0078,4.1241,60.0,0.0687,0.0
233,3578880,train,2026-06-30 10:24:34,0.0078,4.1542,60.0,0.0692,0.0
234,3594240,train,2026-06-30 10:25:16,0.0078,3.984,60.0,0.0664,0.0
235,3609600,train,2026-06-30 10:26:02,0.0195,3.8226,60.0,0.0637,0.0
236,3624960,train,2026-06-30 10:26:38,0.0078,3.9363,60.0,0.0656,0.0
237,3640320,train,2026-06-30 10:27:25,0.0195,4.0845,60.0,0.0681,0.0
238,3655680,train,2026-06-30 10:28:12,0.0117,3.908,60.0,0.0651,0.0
239,3671040,train,2026-06-30 10:28:59,0.0039,4.0841,60.0,0.0681,0.0
240,3686400,train,2026-06-30 10:29:45,0.0117,4.1584,60.0,0.0693,0.0
241,3686400,eval,2026-06-30 10:31:40,0.3542,9.2077,60.0,0.1535,0.0
241,3701760,train,2026-06-30 10:32:01,0.0039,3.9113,60.0,0.0652,0.0
242,3717120,train,2026-06-30 10:32:47,0.0117,3.9675,60.0,0.0661,0.0
243,3732480,train,2026-06-30 10:33:34,0.0156,3.9939,60.0,0.0666,0.0
244,3747840,train,2026-06-30 10:34:20,0.0078,3.9965,60.0,0.0666,0.0
245,3763200,train,2026-06-30 10:35:07,0.0273,3.8776,60.0,0.0646,0.0
246,3778560,train,2026-06-30 10:35:54,0.0039,3.9231,60.0,0.0654,0.0
247,3793920,train,2026-06-30 10:36:41,0.0234,3.8235,60.0,0.0637,0.0
248,3809280,train,2026-06-30 10:37:27,0.0039,3.8868,60.0,0.0648,0.0
249,3824640,train,2026-06-30 10:38:14,0.0195,3.8893,60.0,0.0648,0.0
250,3840000,train,2026-06-30 10:38:59,0.0156,3.9722,60.0,0.0662,0.0
251,3855360,train,2026-06-30 10:39:46,0.0117,4.1854,60.0,0.0698,0.0
252,3870720,train,2026-06-30 10:40:33,0.0156,4.1188,60.0,0.0686,0.0
253,3886080,train,2026-06-30 10:41:20,0.0117,3.9209,60.0,0.0653,0.0
254,3901440,train,2026-06-30 10:42:04,0.0117,4.0016,60.0,0.0667,0.0
255,3916800,train,2026-06-30 10:42:51,0.0195,3.9861,60.0,0.0664,0.0
256,3932160,train,2026-06-30 10:43:38,0.0039,4.1068,60.0,0.0684,0.0
257,3947520,train,2026-06-30 10:44:24,0.0117,4.1588,60.0,0.0693,0.0
258,3962880,train,2026-06-30 10:45:11,0.0039,4.0498,60.0,0.0675,0.0
259,3978240,train,2026-06-30 10:45:58,0.0117,3.9731,60.0,0.0662,0.0
260,3993600,train,2026-06-30 10:46:45,0.0273,4.0345,60.0,0.0672,0.0
261,4008960,train,2026-06-30 10:47:31,0.0195,3.9568,60.0,0.0659,0.0
262,4024320,train,2026-06-30 10:48:18,0.0156,3.6943,60.0,0.0616,0.0
263,4039680,train,2026-06-30 10:49:05,0.0195,4.136,60.0,0.0689,0.0
264,4055040,train,2026-06-30 10:49:52,0.0,4.1192,60.0,0.0687,0.0
265,4055040,eval,2026-06-30 10:51:48,0.3125,9.5533,60.0,0.1592,0.0
265,4070400,train,2026-06-30 10:52:08,0.0117,4.0154,60.0,0.0669,0.0
266,4085760,train,2026-06-30 10:52:55,0.0039,3.8585,60.0,0.0643,0.0
267,4101120,train,2026-06-30 10:53:41,0.0078,3.876,60.0,0.0646,0.0
268,4116480,train,2026-06-30 10:54:28,0.0273,3.8056,60.0,0.0634,0.0
269,4131840,train,2026-06-30 10:55:15,0.0117,3.6018,60.0,0.06,0.0
270,4147200,train,2026-06-30 10:56:01,0.0117,3.982,60.0,0.0664,0.0
271,4162560,train,2026-06-30 10:56:48,0.0039,3.8926,60.0,0.0649,0.0
272,4177920,train,2026-06-30 10:57:35,0.0117,4.0639,60.0,0.0677,0.0
273,4193280,train,2026-06-30 10:58:22,0.0,3.7238,60.0,0.0621,0.0
274,4208640,train,2026-06-30 10:59:08,0.0039,3.8412,60.0,0.064,0.0
275,4224000,train,2026-06-30 10:59:55,0.0078,3.8037,60.0,0.0634,0.0
276,4239360,train,2026-06-30 11:00:42,0.0,3.8273,60.0,0.0638,0.0
277,4254720,train,2026-06-30 11:01:29,0.0195,3.9089,60.0,0.0651,0.0
278,4270080,train,2026-06-30 11:02:16,0.0078,3.8917,60.0,0.0649,0.0
279,4285440,train,2026-06-30 11:03:02,0.0195,3.9857,60.0,0.0664,0.0
280,4300800,train,2026-06-30 11:03:49,0.0117,4.0632,60.0,0.0677,0.0
281,4316160,train,2026-06-30 11:04:36,0.0195,4.1313,60.0,0.0689,0.0
282,4331520,train,2026-06-30 11:05:23,0.0156,3.9271,60.0,0.0655,0.0
283,4346880,train,2026-06-30 11:06:10,0.0117,4.0262,60.0,0.0671,0.0
284,4362240,train,2026-06-30 11:06:56,0.0,3.8902,60.0,0.0648,0.0
285,4377600,train,2026-06-30 11:07:43,0.0078,4.0145,60.0,0.0669,0.0
286,4392960,train,2026-06-30 11:08:30,0.0039,3.874,60.0,0.0646,0.0
287,4408320,train,2026-06-30 11:09:17,0.0117,4.0379,60.0,0.0673,0.0
288,4423680,train,2026-06-30 11:10:04,0.0039,3.9823,60.0,0.0664,0.0
289,4423680,eval,2026-06-30 11:12:00,0.3229,6.6754,60.0,0.1113,0.0
289,4439040,train,2026-06-30 11:12:21,0.0,3.7924,60.0,0.0632,0.0
290,4454400,train,2026-06-30 11:13:07,0.0117,3.7656,60.0,0.0628,0.0
291,4469760,train,2026-06-30 11:13:54,0.0195,3.8048,60.0,0.0634,0.0
292,4485120,train,2026-06-30 11:14:40,0.0039,3.687,60.0,0.0614,0.0
293,4500480,train,2026-06-30 11:15:27,0.0117,3.6039,60.0,0.0601,0.0
294,4515840,train,2026-06-30 11:16:14,0.0039,3.7921,60.0,0.0632,0.0
295,4531200,train,2026-06-30 11:17:01,0.0078,3.8224,60.0,0.0637,0.0
296,4546560,train,2026-06-30 11:17:47,0.0156,4.156,60.0,0.0693,0.0
297,4561920,train,2026-06-30 11:18:34,0.0117,3.8292,60.0,0.0638,0.0
298,4577280,train,2026-06-30 11:19:21,0.0117,3.7971,60.0,0.0633,0.0
299,4592640,train,2026-06-30 11:20:08,0.0,4.1258,60.0,0.0688,0.0
300,4608000,train,2026-06-30 11:20:55,0.0117,4.0206,60.0,0.067,0.0
301,4623360,train,2026-06-30 11:21:41,0.0078,3.8878,60.0,0.0648,0.0
302,4638720,train,2026-06-30 11:22:28,0.0039,3.9927,60.0,0.0665,0.0
303,4654080,train,2026-06-30 11:23:15,0.0078,3.9676,60.0,0.0661,0.0
304,4669440,train,2026-06-30 11:24:02,0.0117,3.9268,60.0,0.0654,0.0
305,4684800,train,2026-06-30 11:24:48,0.0156,3.9835,60.0,0.0664,0.0
306,4700160,train,2026-06-30 11:25:35,0.0117,4.1549,60.0,0.0692,0.0
307,4715520,train,2026-06-30 11:26:22,0.0,4.1412,60.0,0.069,0.0
308,4730880,train,2026-06-30 11:27:09,0.0078,4.1012,60.0,0.0684,0.0
309,4746240,train,2026-06-30 11:27:55,0.0117,3.8974,60.0,0.065,0.0
310,4761600,train,2026-06-30 11:28:42,0.0078,4.1084,60.0,0.0685,0.0
311,4776960,train,2026-06-30 11:29:29,0.0117,4.0195,60.0,0.067,0.0
312,4792320,train,2026-06-30 11:30:15,0.0156,4.199,60.0,0.07,0.0
313,4792320,eval,2026-06-30 11:32:10,0.3333,6.1026,60.0,0.1017,0.0
313,4807680,train,2026-06-30 11:32:31,0.0,4.1187,60.0,0.0686,0.0
314,4823040,train,2026-06-30 11:33:17,0.0039,4.1772,60.0,0.0696,0.0
315,4838400,train,2026-06-30 11:34:04,0.0039,3.9908,60.0,0.0665,0.0
316,4853760,train,2026-06-30 11:34:50,0.0,4.0911,60.0,0.0682,0.0
317,4869120,train,2026-06-30 11:35:37,0.0039,3.9253,60.0,0.0654,0.0
318,4884480,train,2026-06-30 11:36:23,0.0,4.3483,60.0,0.0725,0.0
319,4899840,train,2026-06-30 11:37:10,0.0117,4.2318,60.0,0.0705,0.0
320,4915200,train,2026-06-30 11:37:57,0.0078,3.9668,60.0,0.0661,0.0
321,4930560,train,2026-06-30 11:38:43,0.0117,4.1256,60.0,0.0688,0.0
322,4945920,train,2026-06-30 11:39:30,0.0156,4.2103,60.0,0.0702,0.0
323,4961280,train,2026-06-30 11:40:17,0.0156,4.1453,60.0,0.0691,0.0
324,4976640,train,2026-06-30 11:41:03,0.0078,3.9305,60.0,0.0655,0.0
325,4992000,train,2026-06-30 11:41:50,0.0039,3.6948,60.0,0.0616,0.0
326,5007360,train,2026-06-30 11:42:37,0.0156,4.0537,60.0,0.0676,0.0
327,5022720,train,2026-06-30 11:43:24,0.0117,4.4135,60.0,0.0736,0.0
328,5038080,train,2026-06-30 11:44:10,0.0117,3.8419,60.0,0.064,0.0
329,5053440,train,2026-06-30 11:44:57,0.0117,4.0629,60.0,0.0677,0.0
330,5068800,train,2026-06-30 11:45:44,0.0156,3.9762,60.0,0.0663,0.0
331,5084160,train,2026-06-30 11:46:30,0.0273,4.2336,60.0,0.0706,0.0
332,5099520,train,2026-06-30 11:47:17,0.0117,4.1331,60.0,0.0689,0.0
333,5114880,train,2026-06-30 11:48:04,0.0078,4.2489,60.0,0.0708,0.0
334,5130240,train,2026-06-30 11:48:51,0.0156,3.9288,60.0,0.0655,0.0
335,5145600,train,2026-06-30 11:49:37,0.0234,4.081,60.0,0.068,0.0
336,5160960,train,2026-06-30 11:50:24,0.0039,4.2399,60.0,0.0707,0.0
337,5160960,eval,2026-06-30 11:52:19,0.3594,6.0726,60.0,0.1012,0.0
337,5176320,train,2026-06-30 11:52:39,0.0117,4.0657,60.0,0.0678,0.0
338,5191680,train,2026-06-30 11:53:26,0.0117,4.2291,60.0,0.0705,0.0
339,5207040,train,2026-06-30 11:54:12,0.0039,3.8805,60.0,0.0647,0.0
340,5222400,train,2026-06-30 11:54:59,0.0078,4.1934,60.0,0.0699,0.0
341,5237760,train,2026-06-30 11:55:45,0.0078,3.7545,60.0,0.0626,0.0
342,5253120,train,2026-06-30 11:56:32,0.0156,4.098,60.0,0.0683,0.0
343,5268480,train,2026-06-30 11:57:19,0.0195,4.129,60.0,0.0688,0.0
344,5283840,train,2026-06-30 11:58:06,0.0156,4.0755,60.0,0.0679,0.0
345,5299200,train,2026-06-30 11:58:52,0.0156,3.9798,60.0,0.0663,0.0
346,5314560,train,2026-06-30 11:59:39,0.0039,4.2305,60.0,0.0705,0.0
347,5329920,train,2026-06-30 12:00:26,0.0234,3.8134,60.0,0.0636,0.0
348,5345280,train,2026-06-30 12:01:13,0.0117,4.1497,60.0,0.0692,0.0
349,5360640,train,2026-06-30 12:01:59,0.0078,4.1308,60.0,0.0688,0.0
350,5376000,train,2026-06-30 12:02:46,0.0039,4.2233,60.0,0.0704,0.0
351,5391360,train,2026-06-30 12:03:33,0.0078,4.1493,60.0,0.0692,0.0
352,5406720,train,2026-06-30 12:04:19,0.0195,4.3458,60.0,0.0724,0.0
353,5422080,train,2026-06-30 12:05:06,0.0078,4.1894,60.0,0.0698,0.0
354,5437440,train,2026-06-30 12:05:53,0.0117,4.3793,60.0,0.073,0.0
355,5452800,train,2026-06-30 12:06:40,0.0078,4.145,60.0,0.0691,0.0
356,5468160,train,2026-06-30 12:07:27,0.0117,4.0604,60.0,0.0677,0.0
357,5483520,train,2026-06-30 12:08:13,0.0078,4.0345,60.0,0.0672,0.0
358,5498880,train,2026-06-30 12:09:00,0.0039,4.2079,60.0,0.0701,0.0
359,5514240,train,2026-06-30 12:09:47,0.0156,4.0664,60.0,0.0678,0.0
360,5529600,train,2026-06-30 12:10:34,0.0078,4.1074,60.0,0.0685,0.0
361,5529600,eval,2026-06-30 12:12:28,0.3594,6.6702,60.0,0.1112,0.0
361,5544960,train,2026-06-30 12:12:48,0.0078,4.0496,60.0,0.0675,0.0
362,5560320,train,2026-06-30 12:13:35,0.0273,4.2703,60.0,0.0712,0.0
363,5575680,train,2026-06-30 12:14:21,0.0156,4.1408,60.0,0.069,0.0
364,5591040,train,2026-06-30 12:15:08,0.0039,4.0202,60.0,0.067,0.0
365,5606400,train,2026-06-30 12:15:54,0.0078,3.941,60.0,0.0657,0.0
366,5621760,train,2026-06-30 12:16:41,0.0,4.1105,60.0,0.0685,0.0
367,5637120,train,2026-06-30 12:17:28,0.0195,3.9561,60.0,0.0659,0.0
368,5652480,train,2026-06-30 12:18:14,0.0078,4.3995,60.0,0.0733,0.0
369,5667840,train,2026-06-30 12:19:01,0.0039,4.0385,60.0,0.0673,0.0
370,5683200,train,2026-06-30 12:19:48,0.0117,4.2687,60.0,0.0711,0.0
371,5698560,train,2026-06-30 12:20:34,0.0039,3.8881,60.0,0.0648,0.0
372,5713920,train,2026-06-30 12:21:21,0.0195,4.1299,60.0,0.0688,0.0
373,5729280,train,2026-06-30 12:22:08,0.0078,4.2393,60.0,0.0707,0.0
374,5744640,train,2026-06-30 12:22:54,0.0117,4.1259,60.0,0.0688,0.0
375,5760000,train,2026-06-30 12:23:41,0.0156,4.1141,60.0,0.0686,0.0
376,5775360,train,2026-06-30 12:24:28,0.0117,4.0219,60.0,0.067,0.0
377,5790720,train,2026-06-30 12:25:14,0.0156,4.0269,60.0,0.0671,0.0
378,5806080,train,2026-06-30 12:26:01,0.0078,3.9959,60.0,0.0666,0.0
379,5821440,train,2026-06-30 12:26:48,0.0078,3.9422,60.0,0.0657,0.0
380,5836800,train,2026-06-30 12:27:35,0.0156,3.8997,60.0,0.065,0.0
381,5852160,train,2026-06-30 12:28:21,0.0117,3.9667,60.0,0.0661,0.0
382,5867520,train,2026-06-30 12:29:08,0.0156,4.1941,60.0,0.0699,0.0
383,5882880,train,2026-06-30 12:29:55,0.0,3.9303,60.0,0.0655,0.0
384,5898240,train,2026-06-30 12:30:41,0.0117,4.1516,60.0,0.0692,0.0
385,5898240,eval,2026-06-30 12:32:35,0.3021,6.1458,60.0,0.1024,0.0
385,5913600,train,2026-06-30 12:32:56,0.0039,4.2484,60.0,0.0708,0.0
386,5928960,train,2026-06-30 12:33:43,0.0117,4.0925,60.0,0.0682,0.0
387,5944320,train,2026-06-30 12:34:29,0.0195,4.0505,60.0,0.0675,0.0
388,5959680,train,2026-06-30 12:35:16,0.0078,3.8582,60.0,0.0643,0.0
389,5975040,train,2026-06-30 12:36:02,0.0117,3.9025,60.0,0.065,0.0
390,5990400,train,2026-06-30 12:36:49,0.0117,4.1331,60.0,0.0689,0.0
391,6005760,train,2026-06-30 12:37:36,0.0234,4.1359,60.0,0.0689,0.0
392,6021120,train,2026-06-30 12:38:22,0.0156,4.0169,60.0,0.0669,0.0
393,6036480,train,2026-06-30 12:39:09,0.0117,4.0145,60.0,0.0669,0.0
394,6051840,train,2026-06-30 12:39:56,0.0078,4.2189,60.0,0.0703,0.0
395,6067200,train,2026-06-30 12:40:42,0.0078,4.1317,60.0,0.0689,0.0
396,6082560,train,2026-06-30 12:41:29,0.0078,4.0135,60.0,0.0669,0.0
397,6097920,train,2026-06-30 12:42:16,0.0078,3.983,60.0,0.0664,0.0
398,6113280,train,2026-06-30 12:43:02,0.0039,3.9166,60.0,0.0653,0.0
399,6128640,train,2026-06-30 12:43:49,0.0117,4.0745,60.0,0.0679,0.0
400,6144000,train,2026-06-30 12:44:36,0.0156,3.9122,60.0,0.0652,0.0
401,6159360,train,2026-06-30 12:45:22,0.0078,3.9237,60.0,0.0654,0.0
402,6174720,train,2026-06-30 12:46:09,0.0078,3.9367,60.0,0.0656,0.0
403,6190080,train,2026-06-30 12:46:56,0.0195,3.993,60.0,0.0666,0.0
404,6205440,train,2026-06-30 12:47:42,0.0195,4.1619,60.0,0.0694,0.0
405,6220800,train,2026-06-30 12:48:29,0.0117,3.8882,60.0,0.0648,0.0
406,6236160,train,2026-06-30 12:49:16,0.0195,4.2362,60.0,0.0706,0.0
407,6251520,train,2026-06-30 12:50:02,0.0039,4.1153,60.0,0.0686,0.0
408,6266880,train,2026-06-30 12:50:49,0.0156,3.9513,60.0,0.0659,0.0
409,6266880,eval,2026-06-30 12:52:46,0.276,5.19,60.0,0.0865,0.0
409,6282240,train,2026-06-30 12:53:07,0.0156,3.9274,60.0,0.0655,0.0
410,6297600,train,2026-06-30 12:53:53,0.0078,3.9855,60.0,0.0664,0.0
411,6312960,train,2026-06-30 12:54:40,0.0039,4.328,60.0,0.0721,0.0
412,6328320,train,2026-06-30 12:55:26,0.0234,3.9263,60.0,0.0654,0.0
413,6343680,train,2026-06-30 12:56:13,0.0,4.0293,60.0,0.0672,0.0
414,6359040,train,2026-06-30 12:56:59,0.0078,4.221,60.0,0.0703,0.0
415,6374400,train,2026-06-30 12:57:46,0.0078,4.1847,60.0,0.0697,0.0
416,6389760,train,2026-06-30 12:58:33,0.0117,4.0673,60.0,0.0678,0.0
417,6405120,train,2026-06-30 12:59:19,0.0,3.9469,60.0,0.0658,0.0
418,6420480,train,2026-06-30 13:00:06,0.0117,4.0262,60.0,0.0671,0.0
419,6435840,train,2026-06-30 13:00:53,0.0078,3.9437,60.0,0.0657,0.0
420,6451200,train,2026-06-30 13:01:39,0.0117,3.9626,60.0,0.066,0.0
421,6466560,train,2026-06-30 13:02:26,0.0,4.1192,60.0,0.0687,0.0
422,6481920,train,2026-06-30 13:03:13,0.0117,4.1265,60.0,0.0688,0.0
423,6497280,train,2026-06-30 13:03:59,0.0195,4.1105,60.0,0.0685,0.0
424,6512640,train,2026-06-30 13:04:46,0.0195,3.8237,60.0,0.0637,0.0
425,6528000,train,2026-06-30 13:05:33,0.0078,3.911,60.0,0.0652,0.0
426,6543360,train,2026-06-30 13:06:19,0.0156,4.0984,60.0,0.0683,0.0
427,6558720,train,2026-06-30 13:07:06,0.0078,4.1258,60.0,0.0688,0.0
428,6574080,train,2026-06-30 13:07:53,0.0039,3.8397,60.0,0.064,0.0
429,6589440,train,2026-06-30 13:08:39,0.0,3.987,60.0,0.0664,0.0
430,6604800,train,2026-06-30 13:09:26,0.0273,3.9853,60.0,0.0664,0.0
431,6620160,train,2026-06-30 13:10:13,0.0156,3.9337,60.0,0.0656,0.0
432,6635520,train,2026-06-30 13:11:00,0.0039,3.9653,60.0,0.0661,0.0
433,6635520,eval,2026-06-30 13:12:55,0.3333,5.7204,60.0,0.0953,0.0
433,6650880,train,2026-06-30 13:13:16,0.0117,3.9804,60.0,0.0663,0.0
434,6666240,train,2026-06-30 13:14:03,0.0117,3.9636,60.0,0.0661,0.0
435,6681600,train,2026-06-30 13:14:49,0.0117,3.9795,60.0,0.0663,0.0
436,6696960,train,2026-06-30 13:15:35,0.0156,4.0981,60.0,0.0683,0.0
437,6712320,train,2026-06-30 13:16:22,0.0039,3.8949,60.0,0.0649,0.0
438,6727680,train,2026-06-30 13:17:09,0.0156,4.0305,60.0,0.0672,0.0
439,6743040,train,2026-06-30 13:17:55,0.0117,4.0074,60.0,0.0668,0.0
440,6758400,train,2026-06-30 13:18:42,0.0039,3.7882,60.0,0.0631,0.0
441,6773760,train,2026-06-30 13:19:28,0.0195,4.0266,60.0,0.0671,0.0
442,6789120,train,2026-06-30 13:20:15,0.0039,3.9812,60.0,0.0664,0.0
443,6804480,train,2026-06-30 13:21:02,0.0039,4.1569,60.0,0.0693,0.0
444,6819840,train,2026-06-30 13:21:49,0.0078,4.0138,60.0,0.0669,0.0
445,6835200,train,2026-06-30 13:22:35,0.0195,4.075,60.0,0.0679,0.0
446,6850560,train,2026-06-30 13:23:22,0.0156,4.1598,60.0,0.0693,0.0
447,6865920,train,2026-06-30 13:24:09,0.0078,4.0264,60.0,0.0671,0.0
448,6881280,train,2026-06-30 13:24:56,0.0117,4.0594,60.0,0.0677,0.0
449,6896640,train,2026-06-30 13:25:42,0.0078,3.8903,60.0,0.0648,0.0
450,6912000,train,2026-06-30 13:26:29,0.0117,3.8519,60.0,0.0642,0.0
451,6927360,train,2026-06-30 13:27:16,0.0156,4.1141,60.0,0.0686,0.0
452,6942720,train,2026-06-30 13:28:03,0.0117,4.1261,60.0,0.0688,0.0
453,6958080,train,2026-06-30 13:28:49,0.0078,4.1683,60.0,0.0695,0.0
454,6973440,train,2026-06-30 13:29:36,0.0,3.9864,60.0,0.0664,0.0
455,6988800,train,2026-06-30 13:30:23,0.0195,4.3314,60.0,0.0722,0.0
